UNIQUEID,STATUS
4480,Shipped
1130,Shipped
3100,Shipped
5209,Shipped
1967,Shipped
4199,Shipped
4493,Shipped
3720,Shipped
2365,Shipped
2480,Shipped
4179,Shipped
4427,Shipped
5193,Shipped
2847,Shipped
2418,Shipped
1700,Shipped
4785,Shipped
1004,Shipped
3909,Shipped
3895,Shipped
4279,Shipped
3688,Shipped
4915,Shipped
5806,Shipped
2484,Shipped
4364,Shipped
5869,Shipped
3666,Shipped
3422,Shipped
5716,Shipped
4841,Shipped
4190,Shipped
4900,Shipped
4114,Shipped
1551,Shipped
5285,Shipped
3211,Shipped
4823,Shipped
2843,Shipped
4560,Shipped
5064,Shipped
4645,Shipped
4853,Shipped
2315,Shipped
3214,Shipped
5518,Shipped
2791,Shipped
1995,Shipped
4169,Shipped
2889,Shipped
3539,Shipped
4188,Shipped
4919,Shipped
5442,Shipped
2710,Shipped
1719,Shipped
5630,Shipped
5580,Shipped
5711,Shipped
1541,Shipped
1201,Shipped
5402,Shipped
2009,Shipped
1804,Shipped
3047,Shipped
5481,Shipped
3439,Shipped
4107,Shipped
4510,Shipped
3332,Shipped
1505,Shipped
2562,Shipped
2420,Shipped
3005,Shipped
5262,Shipped
2968,Shipped
1423,Shipped
2174,Shipped
1950,Shipped
5457,Shipped
3406,Shipped
1947,Shipped
2415,Shipped
3875,Shipped
3504,Shipped
2034,Shipped
3335,Shipped
5886,Shipped
3596,Shipped
2130,Shipped
5768,Shipped
3822,Shipped
5424,Shipped
4957,Shipped
3799,Shipped
3675,Shipped
5455,Shipped
4264,Shipped
5597,Shipped
4860,Shipped
3026,Shipped
2874,Shipped
4000,Shipped
5674,Shipped
2645,Shipped
2211,Shipped
3498,Shipped
3904,Shipped
4153,Shipped
2728,Shipped
4010,Shipped
5103,Shipped
5173,Shipped
2385,Shipped
3278,Shipped
5246,Shipped
1395,Shipped
3743,Shipped
3160,Shipped
3939,Shipped
2272,Shipped
2618,Shipped
1068,Shipped
2501,Shipped
3779,Shipped
4872,Shipped
4289,Shipped
5780,Shipped
5691,Shipped
4615,Shipped
4990,Shipped
1451,Shipped
4691,Shipped
3136,Shipped
3705,Shipped
4339,Shipped
2743,Shipped
1338,Shipped
1318,Shipped
3677,Shipped
3942,Shipped
1936,Shipped
1696,Shipped
5534,Shipped
4463,Shipped
3641,Shipped
3097,Shipped
3261,Shipped
1605,Shipped
4835,Shipped
4268,Shipped
3233,Shipped
5283,Shipped
2519,Shipped
1018,Shipped
1186,Shipped
4282,Shipped
3654,Shipped
3207,Shipped
1067,Shipped
1823,Shipped
4232,Shipped
2208,Shipped
2490,Shipped
2114,Shipped
3562,Shipped
3829,Shipped
3245,Shipped
3887,Shipped
3544,Shipped
1637,Shipped
3071,Shipped
3834,Shipped
1025,Shipped
4597,Shipped
5600,Shipped
1399,Shipped
5141,Shipped
2367,Shipped
5526,Shipped
4236,Shipped
3150,Shipped
5400,Shipped
3668,Shipped
5361,Shipped
3898,Shipped
2934,Shipped
1707,Shipped
5189,Shipped
1941,Shipped
1435,Shipped
5663,Shipped
4846,Shipped
2172,Shipped
1289,Shipped
3542,Shipped
1474,Shipped
5081,Shipped
1745,Shipped
2752,Shipped
5892,Shipped
1352,Shipped
2616,Shipped
2643,Shipped
3382,Shipped
4392,Shipped
1857,Shipped
5500,Shipped
2101,Shipped
4203,Shipped
4206,Shipped
2323,Shipped
1996,Shipped
4672,Shipped
2251,Shipped
4343,Shipped
2569,Shipped
1332,Shipped
4121,Shipped
5143,Shipped
3269,Shipped
4604,Shipped
5693,Shipped
1671,Shipped
2156,Shipped
5747,Shipped
3774,Shipped
2244,Shipped
5498,Shipped
4208,Shipped
5396,Shipped
4676,Shipped
3643,Shipped
3724,Shipped
4779,Shipped
2489,Shipped
4346,Shipped
1903,Shipped
4335,Shipped
4928,Shipped
1351,Shipped
4059,Shipped
1810,Shipped
1553,Shipped
2165,Shipped
5486,Shipped
1701,Shipped
1209,Shipped
2697,Shipped
3871,Shipped
1609,Shipped
5214,Shipped
1421,Shipped
4581,Shipped
3827,Shipped
5748,Shipped
5755,Shipped
5113,Shipped
2813,Shipped
4142,Shipped
3054,Shipped
2432,Shipped
3308,Shipped
4355,Shipped
1690,Shipped
5147,Shipped
4184,Shipped
3709,Shipped
2846,Shipped
4117,Shipped
1747,Shipped
5464,Shipped
2998,Shipped
3328,Shipped
1000,Shipped
4266,Shipped
2470,Shipped
4744,Shipped
5098,Shipped
5566,Shipped
2811,Shipped
1362,Shipped
2217,Shipped
4631,Shipped
4048,Shipped
3807,Shipped
5301,Shipped
5629,Shipped
4540,Shipped
2031,Shipped
3755,Shipped
3435,Shipped
5924,Shipped
4895,Shipped
1840,Shipped
5874,Shipped
1493,Shipped
3894,Shipped
5776,Shipped
5436,Shipped
4991,Shipped
5794,Shipped
2571,Shipped
3288,Shipped
3387,Shipped
4056,Shipped
2581,Shipped
1893,Shipped
3490,Shipped
4162,Shipped
1846,Shipped
4508,Shipped
2062,Shipped
3891,Shipped
3337,Shipped
4870,Shipped
1821,Shipped
5897,Shipped
2177,Shipped
3964,Shipped
2111,Shipped
3444,Shipped
3608,Shipped
4327,Shipped
2183,Shipped
4884,Shipped
3678,Shipped
2946,Shipped
1268,Shipped
2387,Shipped
5410,Shipped
5429,Shipped
1292,Shipped
2089,Shipped
3427,Shipped
3385,Shipped
2615,Shipped
2199,Shipped
4214,Shipped
3714,Shipped
3159,Shipped
4702,Shipped
1880,Shipped
5677,Shipped
5337,Shipped
1510,Shipped
2500,Shipped
2068,Shipped
4717,Shipped
1308,Shipped
4399,Shipped
2692,Shipped
5221,Shipped
4311,Shipped
5891,Shipped
2962,Shipped
2321,Shipped
1938,Shipped
4742,Shipped
5277,Shipped
2486,Shipped
1917,Shipped
4596,Shipped
4745,Shipped
4329,Shipped
1164,Shipped
1898,Shipped
4782,Shipped
4413,Shipped
5824,Shipped
2862,Shipped
2673,Shipped
1794,Shipped
2241,Shipped
4409,Shipped
2270,Shipped
1115,Shipped
3857,Shipped
1770,Shipped
5774,Shipped
2102,Shipped
5294,Shipped
1121,Shipped
4873,Shipped
1455,Shipped
2106,Shipped
3505,Shipped
1833,Shipped
3625,Shipped
3499,Shipped
5751,Shipped
2158,Shipped
4791,Shipped
4939,Shipped
1061,Shipped
2850,Shipped
3121,Shipped
5533,Shipped
5648,Shipped
3569,Shipped
5883,Shipped
2356,Shipped
2614,Shipped
4653,Shipped
3949,Shipped
5492,Shipped
4784,Shipped
2344,Shipped
3276,Shipped
3924,Shipped
2414,Shipped
1049,Shipped
5988,Shipped
3859,Shipped
1038,Shipped
5846,Shipped
2613,Shipped
1708,Shipped
4874,Shipped
5009,Shipped
5683,Shipped
4588,Shipped
1165,Shipped
5852,Shipped
3481,Shipped
4161,Shipped
2882,Shipped
3732,Shipped
5853,Shipped
1233,Shipped
3147,Shipped
1848,Shipped
2709,Shipped
5403,Shipped
3580,Shipped
3918,Shipped
3146,Shipped
1037,Shipped
4972,Shipped
3500,Shipped
3041,Shipped
3644,Shipped
4106,Shipped
3545,Shipped
2526,Shipped
2798,Shipped
2427,Shipped
1546,Shipped
2538,Shipped
5507,Shipped
4603,Shipped
1160,Shipped
2474,Shipped
2333,Shipped
1344,Shipped
3460,Shipped
1441,Shipped
1064,Shipped
4781,Shipped
5837,Shipped
3178,Shipped
2433,Shipped
3639,Shipped
3128,Shipped
1998,Shipped
4961,Shipped
1798,Shipped
1118,Shipped
5709,Shipped
3930,Shipped
3413,Shipped
5026,Shipped
2903,Shipped
2166,Shipped
5942,Shipped
5662,Shipped
4076,Shipped
1409,Shipped
4221,Shipped
5590,Shipped
1237,Shipped
3250,Shipped
1907,Shipped
5701,Shipped
2412,Shipped
2926,Shipped
1274,Shipped
4739,Shipped
3952,Shipped
1403,Shipped
4145,Shipped
5020,Shipped
1692,Shipped
5454,Shipped
3808,Shipped
3231,Shipped
2529,Shipped
3749,Shipped
5599,Shipped
2178,Shipped
3553,Shipped
2849,Shipped
4797,Shipped
3680,Shipped
1021,Shipped
5540,Shipped
1529,Shipped
1244,Shipped
2454,Shipped
3271,Shipped
4103,Shipped
5792,Shipped
3246,Shipped
1613,Shipped
1456,Shipped
2088,Shipped
3206,Shipped
1326,Shipped
3776,Shipped
2776,Shipped
1714,Shipped
4380,Shipped
2134,Shipped
1965,Shipped
5977,Shipped
1513,Shipped
3301,Shipped
3933,Shipped
5151,Shipped
4965,Shipped
4523,Shipped
1390,Shipped
5539,Shipped
4181,Shipped
3016,Shipped
3317,Shipped
1890,Shipped
5504,Shipped
2060,Shipped
2121,Shipped
2452,Shipped
5449,Shipped
3536,Shipped
5901,Shipped
2715,Shipped
5785,Shipped
1016,Shipped
3463,Shipped
4285,Shipped
5205,Shipped
4827,Shipped
1470,Shipped
5373,Shipped
4664,Shipped
1753,Shipped
2296,Shipped
1137,Shipped
2362,Shipped
5896,Shipped
3412,Shipped
5136,Shipped
2339,Shipped
1144,Shipped
5079,Shipped
2896,Shipped
4839,Shipped
5678,Shipped
1567,Shipped
2822,Shipped
2591,Shipped
1196,Shipped
5072,Resolved
5974,Resolved
4517,Resolved
5195,Shipped
5623,Shipped
2107,Resolved
2794,Resolved
5042,Resolved
4308,Resolved
2257,Shipped
1340,Resolved
3484,Shipped
3761,Shipped
4119,Shipped
1084,Shipped
3928,Shipped
2071,Shipped
3821,Shipped
1762,Shipped
2229,Shipped
1434,Shipped
1089,Shipped
2890,Shipped
4630,Shipped
3243,Shipped
5772,Shipped
1014,Shipped
4166,Shipped
3800,Shipped
2307,Cancelled
5773,Cancelled
1508,Cancelled
5696,Cancelled
2262,Cancelled
3323,Cancelled
2805,Cancelled
1782,Cancelled
5563,Cancelled
3613,Cancelled
5347,Cancelled
4912,Cancelled
5030,Cancelled
4351,Cancelled
4611,Cancelled
5966,Cancelled
3467,Shipped
5437,Shipped
3671,Shipped
4369,Shipped
3483,Shipped
3532,Shipped
5689,Shipped
3142,Shipped
1504,Shipped
4845,Shipped
5302,Shipped
4012,Shipped
1806,Shipped
5267,Shipped
2051,Shipped
4299,Shipped
2100,Shipped
1599,Shipped
3217,Shipped
4033,Shipped
3088,Shipped
5034,Shipped
3344,Shipped
5746,Shipped
3750,Shipped
2758,Shipped
4378,Shipped
4913,Shipped
3368,Shipped
4563,Shipped
3937,Shipped
5750,Shipped
1477,Shipped
2150,Shipped
3291,Shipped
4886,Shipped
3062,Shipped
2578,Shipped
3319,Shipped
5721,Shipped
4160,Shipped
3612,Shipped
1368,Shipped
3912,Shipped
2861,Shipped
3890,Shipped
2020,Shipped
2871,Shipped
3459,Shipped
2595,Shipped
2819,Shipped
5658,Shipped
2969,Shipped
1648,Shipped
3693,Shipped
4935,Shipped
4579,Shipped
3051,Shipped
1369,Shipped
2916,Shipped
5838,Shipped
1839,Shipped
3624,Shipped
3471,Shipped
5488,Shipped
3683,Shipped
4763,Shipped
3421,Shipped
1256,Shipped
2548,Shipped
3936,Shipped
3590,Shipped
5671,Shipped
3002,Shipped
1276,Shipped
4258,Shipped
3405,Shipped
3728,Shipped
4897,Shipped
2234,Shipped
2153,Shipped
1077,Shipped
5210,Shipped
5604,Shipped
1572,Shipped
3456,Shipped
4529,Shipped
5234,Shipped
5452,Shipped
2817,Shipped
4503,Shipped
3448,Shipped
2772,Shipped
2585,Shipped
1048,Shipped
3514,Shipped
3297,Shipped
1789,Shipped
1176,Shipped
4944,Shipped
3229,Shipped
5316,Shipped
3440,Shipped
3501,Shipped
2496,Shipped
2924,Shipped
1175,Shipped
4966,Shipped
1026,Shipped
5129,Shipped
1117,Shipped
2014,Shipped
4726,Shipped
5077,Shipped
3585,Shipped
3903,Shipped
5330,Shipped
2635,Shipped
3841,Shipped
1638,Shipped
1444,Shipped
1562,Shipped
2686,Shipped
2936,Shipped
5789,Shipped
4854,Shipped
2065,Shipped
1468,Shipped
1387,Shipped
3342,Shipped
5627,Shipped
1731,Shipped
2294,Shipped
3577,Shipped
3349,Shipped
4134,Shipped
4981,Shipped
5954,Shipped
2630,Shipped
4708,Shipped
1759,Shipped
3333,Shipped
1011,Shipped
3621,Shipped
1429,Shipped
3664,Shipped
4054,Shipped
2950,Shipped
2226,Shipped
3967,Shipped
1228,Shipped
3851,Shipped
5757,Shipped
2096,Shipped
4222,Shipped
2246,Shipped
1296,Shipped
4301,Shipped
1706,Shipped
2510,Shipped
1951,Shipped
4701,Shipped
4252,Shipped
1235,Shipped
1257,Shipped
3232,Shipped
1393,Shipped
5971,Shipped
3024,Shipped
3091,Shipped
2212,Shipped
4789,Shipped
3594,Shipped
3352,Shipped
4577,Shipped
1316,Shipped
2795,Shipped
3877,Shipped
2606,Shipped
4890,Shipped
4447,Shipped
4322,Shipped
3600,Shipped
1796,Shipped
5150,Shipped
4878,Shipped
5656,Shipped
5490,Shipped
2461,Shipped
2006,Shipped
3770,Shipped
5793,Shipped
3929,Shipped
4201,Shipped
2159,Shipped
4318,Shipped
2446,Shipped
5592,Shipped
1825,Shipped
4956,Shipped
2855,Shipped
4242,Shipped
2258,Shipped
4141,Shipped
2360,Shipped
5228,Shipped
5659,Shipped
4848,Shipped
3712,Shipped
3727,Shipped
5178,Shipped
2971,Shipped
3784,Shipped
2878,Shipped
4802,Shipped
4357,Shipped
2286,Shipped
5311,Shipped
4787,Shipped
4706,Shipped
4625,Shipped
2560,Shipped
5450,Shipped
4028,Shipped
3472,Shipped
2885,Shipped
4805,Shipped
4501,Shipped
4533,Shipped
5940,Shipped
4568,Shipped
2867,Shipped
3007,Shipped
5346,Shipped
1224,Shipped
1765,Shipped
1625,Shipped
1659,Shipped
1968,Shipped
1271,Shipped
3844,Shipped
4862,Shipped
2110,Shipped
1832,Shipped
5253,Shipped
5646,Shipped
4267,Shipped
5263,Shipped
2373,Shipped
5950,Shipped
3798,Shipped
4288,Shipped
4589,Shipped
4063,Shipped
5786,Shipped
5422,Shipped
5061,Shipped
1157,Shipped
5047,Shipped
1790,Shipped
2175,Shipped
2483,Shipped
3629,Shipped
3913,Shipped
2235,Shipped
3713,Shipped
2346,Shipped
5256,Shipped
4800,Shipped
4248,Shipped
4910,Shipped
2675,Shipped
1922,Shipped
5713,Shipped
2249,Shipped
4934,Shipped
4259,Shipped
5369,Shipped
2521,Shipped
2076,Shipped
3149,Shipped
5752,Shipped
3037,Shipped
3972,Shipped
2399,Shipped
4811,Shipped
1944,Shipped
2696,Shipped
5187,Shipped
2204,Shipped
4066,Shipped
5257,Shipped
3935,Shipped
5322,Shipped
5231,Shipped
4442,Shipped
4725,Shipped
3945,Shipped
5953,Shipped
1532,Shipped
1163,Shipped
3753,Shipped
3222,Shipped
5013,Shipped
2958,Shipped
3598,Shipped
5547,Shipped
1298,Shipped
3985,Shipped
5885,Shipped
5586,Shipped
3576,Shipped
2384,Shipped
2858,Shipped
3101,Shipped
5987,Shipped
4283,Shipped
2745,Shipped
5334,Shipped
5029,Shipped
3508,Shipped
5877,Shipped
1928,Shipped
4454,Shipped
2476,Shipped
2658,Shipped
3888,Shipped
4856,Shipped
1691,Shipped
2893,Shipped
5895,Shipped
5368,Shipped
1059,Shipped
1321,Shipped
3197,Shipped
5152,Shipped
2828,Shipped
1623,Shipped
3181,Shipped
1035,Shipped
4294,Shipped
2310,Shipped
2906,Shipped
2804,Shipped
2908,Shipped
2273,Shipped
3183,Shipped
4089,Shipped
5075,Shipped
1602,Shipped
2228,Shipped
2203,Shipped
4443,Shipped
4144,Shipped
4567,Shipped
4125,Shipped
3673,Shipped
4933,Shipped
5171,Shipped
2391,Shipped
5705,Shipped
1032,Shipped
5829,Shipped
2661,Shipped
1039,Shipped
1827,Shipped
4325,Shipped
3956,Shipped
4081,Shipped
1805,Shipped
2016,Shipped
4775,Shipped
3862,Shipped
5637,Shipped
2342,Shipped
5668,Shipped
2334,Shipped
3034,Shipped
4008,Shipped
2702,Shipped
1755,Shipped
3982,Shipped
1501,Shipped
4847,Shipped
4359,Shipped
2444,Shipped
1670,Shipped
4614,Shipped
1214,Shipped
3516,Shipped
4430,Shipped
1579,Shipped
2440,Shipped
4385,Shipped
3976,Shipped
1449,Shipped
3763,Shipped
1797,Shipped
5572,Shipped
4535,Shipped
1657,Shipped
4486,Shipped
5165,Shipped
5893,Shipped
1919,Shipped
3981,Shipped
2075,Shipped
4315,Shipped
1900,Shipped
4450,Shipped
3122,Shipped
1234,Shipped
4626,Shipped
5832,Shipped
1373,Shipped
2128,Shipped
2141,Shipped
4215,Shipped
1034,Shipped
5842,Shipped
2098,Shipped
1122,Shipped
5115,Shipped
2547,Shipped
2000,Shipped
5729,Shipped
2265,Shipped
5291,Shipped
4849,Shipped
4446,Shipped
5177,Shipped
5414,Shipped
2957,Shipped
4209,Shipped
4677,Shipped
2413,Shipped
5717,Shipped
1287,Shipped
3173,Shipped
1876,Shipped
1717,Shipped
3011,Shipped
1135,Shipped
3216,Shipped
2532,Shipped
3171,Shipped
2587,Shipped
5517,Shipped
4090,Shipped
3685,Shipped
1151,Shipped
5680,Shipped
1102,Shipped
1167,Shipped
4017,Shipped
3226,Shipped
1266,Shipped
3410,Shipped
1943,Shipped
1679,Shipped
1645,Shipped
2887,Shipped
1819,Shipped
2797,Shipped
3526,Shipped
1619,Shipped
3986,Shipped
3617,Shipped
3578,Shipped
2976,Shipped
4421,Shipped
3284,Shipped
5190,Shipped
4731,Shipped
4994,Shipped
5527,Shipped
1023,Shipped
5583,Shipped
2978,Shipped
5825,Shipped
1466,Shipped
1260,Shipped
5446,Shipped
1847,Shipped
3607,Shipped
3633,Shipped
2826,Shipped
3187,Shipped
2810,Shipped
3202,Shipped
2091,Shipped
4319,Shipped
4914,Shipped
1855,Shipped
3948,Shipped
2642,Shipped
5898,Shipped
3082,Shipped
4309,Shipped
1097,Shipped
2411,Shipped
3584,Shipped
1896,Shipped
5037,Shipped
5372,Shipped
3559,Shipped
5353,Shipped
5354,Shipped
2318,Shipped
5163,Shipped
3973,Shipped
3910,Shipped
3096,Shipped
5182,Shipped
1218,Shipped
4794,Shipped
3407,Shipped
2267,Shipped
5714,Shipped
5997,Shipped
3599,Shipped
4212,Shipped
4438,Shipped
3801,Shipped
1524,Shipped
4562,Shipped
5417,Shipped
5035,Shipped
5166,Shipped
1357,Shipped
2774,Shipped
4146,Shipped
4887,Shipped
5730,Shipped
1250,Shipped
3699,Shipped
1761,Shipped
1652,Shipped
4958,Shipped
3302,Shipped
3786,Shipped
4139,Shipped
4584,Shipped
3583,Shipped
4831,Shipped
2561,Shipped
1673,Shipped
4531,Shipped
3765,Shipped
5485,Shipped
4087,Shipped
5938,Shipped
4180,Shipped
1370,Shipped
5382,Shipped
3064,Shipped
4838,Shipped
2186,Shipped
1868,Shipped
4451,Shipped
2722,Shipped
4732,Shipped
1927,Shipped
4943,Shipped
3109,Shipped
4950,Shipped
5520,Shipped
4086,Shipped
2407,Shipped
2083,Shipped
4986,Shipped
3389,Shipped
2300,Shipped
1265,Shipped
3658,Shipped
3393,Shipped
1667,Shipped
2429,Shipped
2343,Shipped
3073,Shipped
1454,Shipped
2147,Shipped
1663,Shipped
4809,Shipped
2586,Shipped
2103,Shipped
3189,Shipped
3805,Shipped
3346,Shipped
5018,Shipped
3314,Shipped
2546,Shipped
5069,Shipped
1492,Shipped
4168,Shipped
2634,Shipped
4112,Shipped
3223,Shipped
5016,Shipped
5040,Shipped
1858,Shipped
4816,Shipped
5260,Shipped
2437,Shipped
1633,Shipped
1120,Shipped
3341,Shipped
1006,Shipped
3059,Shipped
4969,Shipped
1253,Shipped
1734,Shipped
4673,Shipped
5055,Shipped
5557,Shipped
4196,Shipped
3661,Shipped
2084,Shipped
5462,Shipped
3022,Shipped
3691,Shipped
4590,Shipped
2831,Shipped
5158,Shipped
1517,Shipped
5719,Shipped
3433,Shipped
4098,Shipped
1222,Shipped
1654,Shipped
1698,Shipped
3221,Shipped
3676,Shipped
5230,Shipped
2090,Shipped
4704,Shipped
3103,Shipped
1844,Shipped
3604,Shipped
3957,Shipped
5342,Shipped
3965,Shipped
2898,Shipped
3237,Shipped
1948,Shipped
2726,Shipped
2077,Shipped
4859,Shipped
3723,Shipped
3984,Shipped
5700,Shipped
4046,Shipped
1465,Shipped
5317,Shipped
1024,Shipped
3089,Shipped
2239,Shipped
3050,Shipped
4852,Shipped
4340,Shipped
4194,Shipped
2788,Shipped
3018,Shipped
4591,Shipped
5915,Shipped
2900,Shipped
2987,Shipped
3528,Shipped
2781,Shipped
5264,Shipped
2329,Shipped
3689,Shipped
3374,Shipped
5199,Shipped
1980,Shipped
5371,Shipped
4759,Shipped
5144,Shipped
2802,Shipped
1597,Shipped
4635,Shipped
5362,Shipped
1377,Shipped
2336,Shipped
3411,Shipped
4749,Shipped
1046,Shipped
2283,Shipped
4690,Shipped
4275,Shipped
3503,Shipped
2839,Shipped
2827,Shipped
5962,Shipped
5104,Shipped
2682,Shipped
5912,Shipped
4571,Shipped
4893,Shipped
4556,Shipped
1865,Shipped
5681,Shipped
3095,Shipped
4926,Shipped
1963,Shipped
3741,Shipped
4649,Shipped
1238,Cancelled
4276,Cancelled
5467,Cancelled
3574,Cancelled
5872,Cancelled
1838,Cancelled
5365,Cancelled
3835,Cancelled
1058,Cancelled
2954,Cancelled
4700,Cancelled
5943,Cancelled
2485,Cancelled
5616,Cancelled
1918,Shipped
2823,Shipped
2467,Shipped
1282,Shipped
5269,Shipped
2392,Shipped
1155,Shipped
5224,Shipped
2984,Shipped
4406,Shipped
4979,Shipped
2598,Shipped
3303,Shipped
2197,Shipped
3593,Shipped
1994,Shipped
4891,Shipped
3983,Shipped
5769,Shipped
5114,Shipped
3281,Shipped
3086,Shipped
5132,Shipped
5819,Shipped
2223,Shipped
5820,Shipped
5335,Shipped
4867,Shipped
2157,Shipped
4053,Shipped
1293,Shipped
2714,Shipped
2042,Shipped
3251,Shipped
2029,Cancelled
2759,Cancelled
4324,Cancelled
4085,Cancelled
5745,Cancelled
4193,Cancelled
3384,Cancelled
1570,Cancelled
3769,Cancelled
4539,Cancelled
5899,Cancelled
2921,Cancelled
4803,Cancelled
2124,Cancelled
4300,Shipped
3049,Shipped
4219,Shipped
5065,Shipped
4388,Shipped
5170,Shipped
3263,Shipped
1680,Shipped
4057,Shipped
2699,Shipped
3686,Shipped
4875,Shipped
2732,Shipped
5211,Shipped
4065,Shipped
2937,Shipped
5014,Shipped
2250,Shipped
2600,Shipped
1074,Shipped
3156,Shipped
3787,Shipped
3418,Shipped
4659,Shipped
3042,Shipped
4469,Shipped
3876,Shipped
2181,Shipped
5242,Shipped
2431,Shipped
1991,Shipped
2599,Shipped
2872,Shipped
2949,Shipped
4647,Shipped
3618,Shipped
1295,Shipped
2516,Cancelled
3940,Cancelled
3392,Cancelled
3193,Cancelled
2193,Cancelled
3855,Cancelled
4892,Cancelled
5348,Cancelled
1807,Cancelled
2506,Cancelled
4345,Cancelled
2161,Cancelled
3920,Cancelled
4223,Cancelled
2465,Cancelled
3883,Cancelled
4685,Shipped
4753,Shipped
2829,Shipped
3253,Shipped
1484,Shipped
2116,Shipped
3839,Shipped
5053,Shipped
3777,Shipped
1047,Shipped
2930,Shipped
3561,Shipped
5003,Shipped
5595,Shipped
5754,Shipped
1831,Shipped
3079,Shipped
2654,Shipped
1173,Shipped
2466,Shipped
3558,Shipped
1174,Shipped
5298,Shipped
4475,Shipped
2627,Shipped
2185,Shipped
3212,Shipped
4097,Shipped
2860,Shipped
1353,Shipped
3925,Shipped
4404,Shipped
2445,Shipped
4200,Shipped
2330,Shipped
1587,Shipped
2375,Shipped
4292,Shipped
1100,Shipped
4988,Shipped
1627,Shipped
3294,Shipped
1385,Shipped
2426,Shipped
4629,Shipped
3696,Shipped
5736,Shipped
4387,Shipped
4104,Shipped
2369,Shipped
3312,Shipped
1908,Shipped
1003,Shipped
1414,Shipped
1958,Shipped
3224,Shipped
3752,Shipped
4113,Shipped
4553,Shipped
4419,Shipped
3235,Shipped
3137,Shipped
3043,Shipped
1354,Shipped
3296,Shipped
3069,Shipped
2664,Shipped
3757,Shipped
1543,Shipped
5135,Shipped
5323,Shipped
5906,Shipped
4099,Shipped
2231,Shipped
5281,Shipped
5303,Shipped
5505,Shipped
2359,Shipped
4712,Shipped
4109,Shipped
1345,Shipped
1438,Shipped
1334,Shipped
4434,Shipped
5327,Shipped
4713,Shipped
3541,Shipped
1557,Shipped
2784,Shipped
2725,Shipped
4337,Shipped
3219,Shipped
2793,Shipped
3230,Shipped
2073,Shipped
2132,Shipped
4273,Shipped
1573,Shipped
2264,Shipped
2487,Shipped
2033,Shipped
4348,Shipped
3141,Shipped
3543,Shipped
1076,Shipped
2227,Shipped
4436,Shipped
5168,Shipped
5907,Shipped
2991,Shipped
4314,Shipped
3102,Shipped
4412,Shipped
3931,Shipped
4110,Shipped
3307,Shipped
2705,Shipped
2192,Shipped
1483,Shipped
4092,Shipped
2816,Shipped
3521,Shipped
5986,Shipped
3996,Shipped
4018,Shipped
4881,Shipped
3240,Shipped
3638,Shipped
2765,Shipped
5989,Shipped
4572,Shipped
1590,Shipped
3139,Shipped
4229,Shipped
4115,Shipped
3369,Shipped
2750,Shipped
2372,Shipped
4824,Shipped
5088,Shipped
1383,Shipped
4361,Shipped
1125,Shipped
3524,Shipped
1658,Shipped
4111,Shipped
3884,Shipped
3858,Shipped
4812,Shipped
4304,Shipped
5844,Shipped
4060,Shipped
1693,Shipped
1580,Shipped
4251,Shipped
4617,Shipped
4688,Shipped
4633,Shipped
1413,Shipped
5641,Shipped
4257,Shipped
2348,Shipped
1331,Shipped
3852,Shipped
2796,Shipped
1247,Shipped
3926,Shipped
2771,Shipped
5389,Shipped
3239,Shipped
4237,Shipped
3817,Shipped
2568,Shipped
5770,Shipped
2256,Shipped
2292,Shipped
1467,Shipped
5827,Shipped
3941,Shipped
5477,Shipped
5884,Shipped
5870,Shipped
5146,Shipped
4889,Shipped
3717,Shipped
4616,Shipped
1780,Shipped
4216,Shipped
1598,Shipped
4711,Shipped
3048,Shipped
5405,Shipped
4730,Shipped
1194,Shipped
3279,Shipped
4923,Shipped
3409,Shipped
1458,Shipped
1291,Shipped
3115,Shipped
3547,Shipped
2803,Shipped
3818,Shipped
1768,Shipped
2639,Shipped
2625,Shipped
4031,Shipped
5359,Shipped
3560,Shipped
3656,Shipped
4498,Shipped
5043,Shipped
2620,Shipped
3572,Shipped
4937,Shipped
5471,Shipped
3837,Shipped
1650,Shipped
4302,Shipped
4768,Shipped
2324,Shipped
3209,Shipped
4042,Shipped
5799,Shipped
1336,Shipped
4665,Shipped
5364,Shipped
4634,Shipped
3595,Shipped
3670,Shipped
4030,Shipped
3746,Shipped
2276,Shipped
5998,Shipped
1534,Shipped
5005,Shipped
4444,Shipped
2851,Shipped
2761,Shipped
3338,Shipped
2138,Shipped
1420,Shipped
2895,Shipped
4140,Shipped
5947,Shipped
2845,Shipped
1161,Shipped
4177,Shipped
4528,Shipped
5887,Shipped
5969,Shipped
4696,Shipped
3145,Shipped
3275,Shipped
1415,Shipped
3867,Shipped
2685,Shipped
1105,Shipped
5698,Shipped
1396,Shipped
3336,Shipped
1885,Shipped
2168,Shipped
1914,Shipped
2067,Shipped
3473,Shipped
5391,Shipped
5949,Shipped
5516,Shipped
4766,Shipped
1576,Shipped
3970,Shipped
2316,Shipped
5587,Shipped
5428,Shipped
5510,Shipped
1172,Shipped
5577,Shipped
5727,Shipped
5679,Shipped
2383,Shipped
3959,Shipped
2694,Shipped
1360,Shipped
5992,Shipped
5888,Shipped
4225,Shipped
5050,Shipped
5867,Shipped
4363,Shipped
3915,Shipped
3701,Shipped
5149,Shipped
2563,Shipped
4431,Shipped
5101,Shipped
5579,Shipped
4472,Shipped
5019,Shipped
5593,Shipped
4414,Shipped
1871,Shipped
5004,Shipped
3111,Shipped
3566,Shipped
5784,Shipped
1461,Shipped
2492,Shipped
3872,Shipped
4941,Shipped
2753,Shipped
3697,Shipped
4173,Shipped
4129,Shipped
3730,Shipped
4973,Shipped
3842,Shipped
1199,Shipped
1378,Shipped
1697,Shipped
4417,Shipped
4224,Shipped
2943,Shipped
5036,Shipped
1315,Shipped
4360,Shipped
3478,Shipped
3548,Shipped
1005,Shipped
1961,Shipped
4774,Shipped
1428,Shipped
2338,Shipped
4441,Shipped
3772,Shipped
3537,Shipped
5279,Shipped
2464,Shipped
1591,Shipped
4370,Shipped
2880,Shipped
2549,Shipped
2689,Shipped
4762,Shipped
4171,Shipped
1007,Shipped
5058,Shipped
4734,Shipped
1836,Shipped
3013,Shipped
4527,Shipped
2030,Shipped
2531,Shipped
4748,Shipped
1091,Shipped
1535,Shipped
5393,Shipped
4521,Shipped
3200,Shipped
1453,Shipped
2441,Shipped
2975,Shipped
5620,Shipped
1478,Shipped
5758,Shipped
3631,Shipped
4921,Shipped
5118,Shipped
4559,Shipped
2085,Shipped
2340,Shipped
5453,Shipped
4234,Shipped
3453,Shipped
5390,Shipped
1767,Shipped
3906,Shipped
3958,Shipped
1088,Shipped
5506,Shipped
1419,Shipped
4147,Shipped
4975,Shipped
5859,Shipped
1216,Shipped
4202,Shipped
2092,Shipped
1694,Shipped
2220,Shipped
3812,Shipped
1781,Shipped
5299,Shipped
4420,Shipped
1604,Shipped
2579,Shipped
5329,Shipped
5531,Shipped
3340,Shipped
4062,Shipped
1970,Shipped
2633,Shipped
1661,Shipped
5046,Shipped
4123,Shipped
2812,Shipped
5493,Shipped
2763,Shipped
1171,Shipped
2632,Shipped
2619,Shipped
5447,Shipped
2471,Shipped
1375,Shipped
4350,Shipped
5669,Shipped
5860,Shipped
3863,Shipped
2555,Shipped
4876,Shipped
4654,Shipped
3966,Shipped
5419,Shipped
1983,Shipped
2612,Shipped
4148,Shipped
3734,Shipped
1355,Shipped
2008,Shipped
3954,Shipped
3036,Shipped
2953,Shipped
3789,Shipped
3166,Shipped
5216,Shipped
2416,Shipped
4027,Shipped
3636,Shipped
5602,Shipped
5603,Shipped
4009,Shipped
2039,Shipped
1895,Shipped
3131,Shipped
3704,Shipped
4172,Shipped
4520,Shipped
1538,Shipped
3980,Shipped
5443,Shipped
2646,Shipped
1849,Shipped
2983,Shipped
1741,Shipped
2840,Shipped
5235,Shipped
2766,Shipped
4483,Shipped
3167,Shipped
3192,Shipped
1526,Shipped
1773,Shipped
1372,Shipped
3134,Shipped
3056,Shipped
3634,Shipped
5232,Shipped
2488,Shipped
3046,Shipped
3640,Shipped
2550,Shipped
5358,Shipped
5941,Shipped
5585,Shipped
2786,Shipped
2944,Shipped
5554,Shipped
5439,Shipped
5370,Shipped
4019,Shipped
2841,Shipped
2985,Shipped
1226,Shipped
3587,Shipped
1581,Shipped
5972,Shipped
3172,Shipped
1489,Shipped
2956,Shipped
3934,Shipped
2517,Shipped
1406,Shipped
3655,Shipped
5644,Shipped
5649,Shipped
3968,Shipped
1873,Shipped
4263,Shipped
1232,Shipped
1148,Shipped
1618,Shipped
1856,Shipped
5238,Shipped
4619,Shipped
2122,Shipped
3210,Shipped
5657,Shipped
2469,Shipped
4405,Shipped
5836,Shipped
3461,Shipped
5208,Shipped
1738,Shipped
3836,Shipped
5138,Shipped
4638,Shipped
2215,Shipped
1737,Shipped
1150,Shipped
2963,Shipped
1835,Shipped
5817,Shipped
1634,Shipped
1523,Shipped
1539,Shipped
4684,Shipped
1248,Shipped
5140,Shipped
3889,Shipped
1594,Shipped
3509,Shipped
4093,Shipped
1213,Shipped
5352,Shipped
4585,Shipped
3660,Shipped
2870,Shipped
1001,Shipped
4586,Shipped
1563,Shipped
2777,Shipped
5222,Shipped
2371,Shipped
4518,Shipped
4381,Shipped
3758,Shipped
4037,Shipped
4733,Shipped
4693,Shipped
3259,Shipped
2123,Shipped
2312,Shipped
4901,Shipped
1472,Shipped
2838,Shipped
3148,Shipped
4962,Shipped
2402,Shipped
3990,Shipped
1878,Shipped
2693,Shipped
5466,Shipped
3358,Shipped
4507,Shipped
2409,Shipped
5379,Shipped
3420,Shipped
1953,Shipped
4265,Shipped
2691,Shipped
1945,Shipped
4710,Shipped
2744,Shipped
5933,Shipped
5732,Shipped
5120,Shipped
3198,Shipped
5672,Shipped
2434,Shipped
2357,Shipped
2349,Shipped
3138,Shipped
1041,Shipped
2875,Shipped
4930,Shipped
4554,Shipped
2259,Shipped
5979,Shipped
3360,Shipped
3802,Shipped
2167,Shipped
5975,Shipped
2289,Shipped
3932,Shipped
4917,Shipped
5568,Shipped
1774,Shipped
5398,Shipped
3563,Shipped
1108,Shipped
2028,Shipped
4924,Shipped
1297,Shipped
5407,Shipped
5024,Shipped
2502,Shipped
2651,Shipped
5889,Resolved
3725,Resolved
3865,Resolved
2078,Resolved
4425,Resolved
3375,Resolved
3706,Resolved
3971,Resolved
2741,Shipped
2986,Shipped
4277,Shipped
1010,Shipped
2530,Shipped
1162,Shipped
2198,Shipped
1772,Shipped
2143,Shipped
2583,Shipped
4978,Shipped
4514,Shipped
5930,Shipped
4440,Shipped
2074,Shipped
4761,Shipped
1647,Shipped
1779,Shipped
1017,Shipped
1236,Shipped
4426,Shipped
5360,Shipped
1087,Shipped
1398,Shipped
1136,Shipped
2920,Shipped
3322,Shipped
1989,Shipped
1742,Shipped
1596,Shipped
3998,Shipped
1460,Shipped
5445,Shipped
5652,Shipped
1854,Shipped
3592,Shipped
1801,Shipped
1386,Shipped
1008,Shipped
4992,Shipped
4332,Shipped
1820,Shipped
3274,Shipped
1283,Shipped
5006,Shipped
5309,Shipped
1447,Shipped
3373,Shipped
2644,Shipped
4342,Shipped
1622,Shipped
5349,Shipped
1422,Shipped
5433,Shipped
3077,Shipped
2394,Shipped
4622,Shipped
5110,Shipped
2149,Shipped
3185,Shipped
5781,Shipped
2652,Shipped
2491,Shipped
4006,Shipped
4226,Shipped
4600,Shipped
4682,Shipped
3609,Shipped
3072,Shipped
5788,Shipped
2712,Shipped
3828,Shipped
1404,Shipped
4522,On Hold
4814,On Hold
4767,On Hold
4547,On Hold
5918,On Hold
1655,On Hold
2189,Shipped
4541,Shipped
3951,Shipped
5155,Shipped
2892,Shipped
1979,Shipped
5861,Shipped
4959,Shipped
2493,Shipped
5219,Shipped
2022,Shipped
5735,Shipped
2017,Shipped
4537,Shipped
4354,Shipped
4871,Shipped
4955,Shipped
1978,Shipped
6000,Shipped
4601,Shipped
3213,Shipped
5650,Shipped
2419,Shipped
5916,Shipped
1606,Shipped
1060,Shipped
3454,Shipped
1894,Shipped
5685,Shipped
1830,Shipped
4790,Shipped
5725,Shipped
4015,Shipped
5634,Shipped
4850,Shipped
4116,Shipped
1902,Shipped
3270,Shipped
2603,Shipped
3488,Shipped
3620,Shipped
5468,Shipped
1208,Shipped
1507,Shipped
4723,Shipped
4291,Shipped
1930,Shipped
5406,Shipped
1425,Shipped
1703,Shipped
4320,Shipped
1569,Shipped
1079,Shipped
2280,Shipped
5227,Shipped
2680,Shipped
1521,Shipped
2559,Shipped
5809,Shipped
4003,Shipped
3364,Shipped
2742,Shipped
5125,Shipped
2225,Shipped
5236,Shipped
4073,Shipped
5331,Shipped
1133,Shipped
2910,Shipped
2672,Shipped
1230,Shipped
1923,Shipped
1681,Shipped
3347,Shipped
2422,Shipped
1185,Shipped
1973,Shipped
4135,Shipped
1601,Shipped
2381,Shipped
3694,Shipped
2641,Shipped
1063,Shipped
5328,Shipped
2996,Shipped
3507,Shipped
3247,Shipped
5963,Shipped
1674,Shipped
5522,Shipped
1566,Shipped
2463,Shipped
2980,Shipped
5438,Shipped
3623,Shipped
5332,Shipped
2535,Shipped
3177,Shipped
1389,Shipped
4773,Shipped
5999,Shipped
1145,Shipped
3176,Shipped
5063,Shipped
2240,Shipped
3662,Shipped
5333,Shipped
2097,Shipped
5430,Shipped
4598,Shipped
3112,Shipped
3254,Shipped
3008,Shipped
4844,Shipped
4628,Shipped
2528,Shipped
4952,Shipped
1751,Shipped
2200,Shipped
2965,Shipped
1519,Shipped
3117,Shipped
1324,Shipped
2236,Shipped
3465,Shipped
1258,Shipped
3238,Shipped
5392,Shipped
2142,Shipped
2638,Shipped
2928,Shipped
1756,Shipped
1743,Shipped
3280,Shipped
2331,Shipped
5251,Shipped
2053,Shipped
2677,Shipped
5206,Shipped
4888,Shipped
3832,Shipped
1111,Shipped
3494,Shipped
4492,Shipped
4124,Shipped
4754,Shipped
5771,Shipped
5560,Shipped
1874,Shipped
2311,Shipped
5607,Shipped
2707,Shipped
1090,Shipped
2287,Shipped
2899,Shipped
2347,Shipped
1904,Shipped
2671,Shipped
1724,Shipped
1205,Shipped
1066,Shipped
5011,Shipped
3425,Shipped
1889,Shipped
5981,Shipped
5660,Shipped
2140,Shipped
2513,Shipped
4524,Shipped
4620,Shipped
1242,Shipped
3402,Shipped
4592,Shipped
3470,Shipped
1974,Shipped
5137,Shipped
4407,Shipped
5699,Shipped
5017,Shipped
1220,Shipped
5119,Shipped
4494,Shipped
5841,Shipped
3943,Shipped
4555,Shipped
4721,Shipped
1684,Shipped
3767,Shipped
1494,Shipped
5782,Shipped
4488,Shipped
2877,Shipped
5739,Shipped
4650,Shipped
1544,Shipped
3512,Shipped
3107,Shipped
2154,Shipped
2504,Shipped
3791,Shipped
4843,Shipped
2072,Shipped
5083,Shipped
1227,Shipped
4612,Shipped
1009,Shipped
2295,Shipped
3994,Shipped
5894,Shipped
2611,Shipped
4297,Shipped
3415,Shipped
3477,Shipped
2066,Shipped
5787,Shipped
1158,Shipped
4593,Shipped
1536,Shipped
2428,Shipped
3992,Shipped
2298,Shipped
3853,Shipped
2350,Shipped
1852,Shipped
5718,Shipped
3748,Shipped
2182,Shipped
5244,Shipped
3927,Shipped
1739,Shipped
5255,Shipped
5444,Shipped
3869,Shipped
4366,Shipped
4102,Shipped
2631,Shipped
1206,Shipped
2767,Shipped
4909,Shipped
5109,Shipped
3751,Resolved
1686,Resolved
1499,Resolved
5416,Resolved
5213,Resolved
3854,Resolved
1803,Resolved
3922,Resolved
3119,Resolved
2361,Resolved
2806,Resolved
1740,Resolved
3813,Resolved
1985,Shipped
5440,Shipped
5044,Shipped
3879,Shipped
4321,Shipped
2876,Shipped
5463,Shipped
4583,Shipped
4801,Shipped
1134,Shipped
3847,Shipped
2663,Shipped
2515,Shipped
5051,Shipped
2169,Shipped
2717,Shipped
1187,Shipped
3157,Shipped
1179,Shipped
5367,Shipped
3893,Shipped
4896,Shipped
4352,Shipped
5116,Shipped
2214,Shipped
1243,Shipped
4882,Shipped
5070,Shipped
2044,Shipped
5847,Shipped
2834,Shipped
4183,Shipped
1225,Shipped
2669,Shipped
5878,Shipped
5900,Shipped
2857,Shipped
1469,Shipped
4455,Shipped
2152,Shipped
3085,Shipped
5142,Shipped
5688,Shipped
5202,Shipped
2739,Shipped
2048,Shipped
5761,Shipped
4815,Shipped
4055,Shipped
1459,Shipped
3790,Shipped
5310,Shipped
2027,Shipped
3436,Shipped
1081,Shipped
5767,Shipped
2995,Shipped
1486,Shipped
3627,Shipped
1348,Shipped
5343,Shipped
1628,Shipped
2919,Shipped
4039,Shipped
2544,Shipped
3690,Shipped
3653,Shipped
3525,Shipped
4131,Shipped
1911,Shipped
2935,Shipped
3474,Shipped
2351,Shipped
1813,Shipped
3993,Shipped
5320,Shipped
1642,Shipped
4542,Shipped
5100,Shipped
2729,Shipped
4105,Shipped
1934,Shipped
2994,Shipped
3372,Shipped
5642,Shipped
3899,Shipped
5237,Shipped
1333,Shipped
4707,Shipped
4163,Shipped
2288,Shipped
5319,Shipped
5496,Shipped
5921,Shipped
1154,Shipped
2820,Shipped
4365,Shipped
3650,Shipped
2378,Shipped
4408,Shipped
2884,Shipped
4709,Shipped
3619,Shipped
5667,Shipped
4530,Shipped
5431,Shipped
2224,Shipped
1277,Shipped
1191,Shipped
3299,Shipped
5185,Shipped
3520,Shipped
5292,Shipped
5910,Shipped
3707,Shipped
4191,Shipped
5544,Shipped
1515,Shipped
4552,Shipped
5045,Shipped
3154,Shipped
5093,Shipped
2012,Shipped
5543,Shipped
5097,Shipped
2972,Shipped
5803,Shipped
3486,Shipped
5952,Shipped
4001,Shipped
5159,Shipped
4883,Shipped
3292,Shipped
5289,Shipped
4902,Shipped
4022,Shipped
3793,Shipped
3057,Shipped
2436,Shipped
1311,Shipped
3684,Shipped
1867,Shipped
1607,Shipped
4410,Shipped
3060,Shipped
5172,Shipped
4525,Shipped
1178,Shipped
4830,Shipped
3078,Shipped
2989,Shipped
5344,Shipped
4120,Shipped
2539,Shipped
5028,Shipped
2026,Shipped
4096,Shipped
4195,Resolved
4818,Resolved
3647,Resolved
1496,Resolved
2785,Resolved
1388,Resolved
1730,Resolved
2584,Resolved
4272,Resolved
4916,Resolved
2688,Resolved
3628,Resolved
2275,Resolved
5635,Resolved
2080,Resolved
4465,Resolved
4401,Resolved
4262,Resolved
2109,Shipped
2580,Shipped
3391,Shipped
5128,Shipped
1342,Shipped
1314,Shipped
5734,Shipped
4736,Shipped
3255,Shipped
5983,Shipped
4094,Shipped
1202,Shipped
3032,Shipped
2720,Shipped
2499,Shipped
5724,Shipped
3573,Shipped
3067,Shipped
3582,Shipped
1497,Shipped
3733,Shipped
5139,Shipped
3081,Shipped
1603,Shipped
1785,Shipped
1123,Shipped
1180,Shipped
5928,Shipped
5823,Shipped
2087,Shipped
1197,Shipped
1080,Shipped
2542,Shipped
1530,Shipped
4582,Shipped
4470,Shipped
1754,Shipped
4544,Shipped
1988,Shipped
4432,Shipped
5955,Shipped
5558,Shipped
1665,Shipped
2814,Shipped
1275,Shipped
3093,Shipped
2450,Shipped
1071,Shipped
5797,Shipped
3190,Shipped
3351,Shipped
5381,Shipped
5519,Shipped
4484,Shipped
3084,Shipped
1096,Shipped
4240,Shipped
2406,Shipped
1809,Shipped
2799,Shipped
3511,Shipped
4040,Shipped
2395,Shipped
5909,Shipped
4868,Shipped
1095,Shipped
5931,Shipped
1946,Shipped
3326,Shipped
1924,Shipped
3058,Shipped
4666,Shipped
1752,Shipped
5154,Shipped
4938,Shipped
5066,Shipped
2751,Shipped
2319,Shipped
3273,Shipped
5204,Shipped
2148,Shipped
2207,Shipped
2679,Shipped
3848,Shipped
4247,Shipped
3497,Shipped
1999,Shipped
4070,Shipped
3645,Shipped
2754,Shipped
5614,Shipped
3126,Shipped
5313,Shipped
3908,Shipped
4783,Shipped
2410,Shipped
4149,Shipped
3840,On Hold
3523,On Hold
1746,On Hold
2907,On Hold
4317,On Hold
2468,On Hold
4532,On Hold
1159,On Hold
3819,On Hold
1632,On Hold
1723,On Hold
3519,On Hold
3999,Shipped
5811,Shipped
1264,Shipped
2370,Shipped
5123,Shipped
3313,Shipped
2534,Shipped
1528,Shipped
4280,Shipped
5661,Shipped
3182,Shipped
1110,Shipped
2551,Shipped
1824,Shipped
3441,Shipped
3123,Shipped
2322,Shipped
4080,Disputed
3946,Disputed
1057,Disputed
3446,On Hold
3687,On Hold
4545,On Hold
4780,On Hold
5818,On Hold
2279,On Hold
2037,On Hold
5815,On Hold
4082,On Hold
1748,On Hold
5991,On Hold
5552,On Hold
4699,Shipped
2380,Shipped
1560,Shipped
5375,Shipped
3630,Shipped
2703,Shipped
3601,Shipped
5798,Shipped
2955,Shipped
4496,Shipped
1558,Shipped
5553,Shipped
3052,Shipped
5306,Shipped
5307,Shipped
3386,Shipped
2973,Shipped
2684,Shipped
2621,Shipped
2543,Shipped
1078,Shipped
2210,Shipped
5290,Shipped
1860,Shipped
3919,Shipped
4819,Shipped
2449,Shipped
4793,Shipped
3350,Shipped
4306,On Hold
5584,On Hold
2261,On Hold
2063,On Hold
3428,On Hold
2263,On Hold
3353,On Hold
4866,On Hold
4652,On Hold
3792,On Hold
5567,On Hold
4954,On Hold
2990,On Hold
3833,On Hold
4715,Disputed
4610,Disputed
3897,Disputed
3408,Disputed
3476,Disputed
2974,Shipped
1240,Shipped
1763,Shipped
4473,Shipped
2326,Shipped
1818,Shipped
3921,Shipped
3395,Shipped
4580,Shipped
4204,Shipped
1012,Shipped
2093,Shipped
3108,Shipped
3721,Shipped
2590,Disputed
5990,Disputed
4576,Disputed
5749,Disputed
3252,Disputed
3188,Disputed
5880,Shipped
1718,Shipped
1181,Shipped
3960,Shipped
4118,Shipped
2379,Shipped
3581,Shipped
4032,Shipped
2566,Shipped
1290,Shipped
1350,Shipped
5532,Shipped
4260,Shipped
1571,Shipped
5300,In Process
5105,In Process
5176,In Process
3735,In Process
1769,In Process
3130,In Process
1452,In Process
2043,In Process
5970,In Process
4157,In Process
3218,In Process
3295,In Process
5133,In Process
3381,In Process
4760,In Process
4274,In Process
4770,In Process
5573,In Process
5112,In Process
2398,In Process
2626,In Process
1491,In Process
1367,In Process
3356,In Process
4014,In Process
2948,In Process
1971,In Process
4133,In Process
3348,In Process
3760,In Process
4261,In Process
3424,In Process
4016,In Process
5694,In Process
2015,In Process
3257,In Process
5413,In Process
3849,In Process
5106,In Process
3320,In Process
1575,In Process